User_ID,App,Daily_Minutes_Spent,Posts_Per_Day,Likes_Per_Day,Follows_Per_Day
U_1,Pinterest,288,16,94,0
U_2,Facebook,192,14,117,15
U_3,Instagram,351,13,120,48
U_4,TikTok,21,20,117,8
U_5,LinkedIn,241,16,9,21
U_6,Twitter,464,3,137,30
U_7,LinkedIn,229,1,188,25
U_8,LinkedIn,8,19,179,48
U_9,TikTok,80,7,14,25
U_10,Snapchat,428,6,4,41
U_11,Snapchat,52,18,124,26
U_12,Facebook,314,18,132,28
U_13,LinkedIn,26,17,198,18
U_14,Instagram,427,0,110,19
U_15,Facebook,434,2,111,16
U_16,Twitter,494,10,93,49
U_17,Snapchat,32,2,81,8
U_18,Snapchat,104,19,3,49
U_19,LinkedIn,431,7,14,38
U_20,Snapchat,347,16,187,21
U_21,LinkedIn,52,19,51,33
U_22,Facebook,100,19,42,9
U_23,Pinterest,214,9,122,16
U_24,Facebook,221,15,127,22
U_25,Instagram,280,13,42,15
U_26,LinkedIn,355,0,128,38
U_27,Twitter,188,3,5,15
U_28,TikTok,77,2,192,13
U_29,Twitter,337,18,21,44
U_30,TikTok,199,5,186,40
U_31,TikTok,321,4,136,18
U_32,Twitter,119,17,97,3
U_33,TikTok,396,10,37,36
U_34,Pinterest,112,8,82,21
U_35,Snapchat,63,0,86,44
U_36,Twitter,108,0,163,40
U_37,TikTok,252,3,6,39
U_38,LinkedIn,233,15,197,25
U_39,Pinterest,180,20,127,3
U_40,Twitter,289,20,131,14
U_41,Facebook,75,10,19,38
U_42,Twitter,51,10,21,9
U_43,Facebook,187,20,146,20
U_44,LinkedIn,215,10,157,31
U_45,Facebook,202,1,64,12
U_46,Pinterest,206,11,150,1
U_47,Pinterest,295,1,47,23
U_48,Pinterest,43,19,16,38
U_49,LinkedIn,5,7,38,40
U_50,LinkedIn,167,10,33,27
U_51,Facebook,78,9,166,22
U_52,Pinterest,319,19,170,21
U_53,Pinterest,172,2,151,44
U_54,Snapchat,485,13,40,24
U_55,Snapchat,402,14,41,40
U_56,Twitter,215,1,120,10
U_57,Facebook,104,20,46,27
U_58,LinkedIn,363,7,194,24
U_59,Facebook,312,9,96,15
U_60,TikTok,39,14,80,32
U_61,LinkedIn,260,10,159,19
U_62,LinkedIn,379,17,48,44
U_63,Facebook,208,15,92,9
U_64,Pinterest,341,13,4,41
U_65,Snapchat,28,9,53,15
U_66,Instagram,407,13,192,18
U_67,Facebook,498,16,176,18
U_68,TikTok,21,6,38,43
U_69,TikTok,474,8,112,7
U_70,Instagram,36,20,134,43
U_71,Twitter,461,20,156,6
U_72,Pinterest,178,18,135,5
U_73,Snapchat,361,18,190,48
U_74,Pinterest,24,15,31,3
U_75,Snapchat,149,4,153,15
U_76,Snapchat,250,11,200,13
U_77,Instagram,251,19,67,47
U_78,TikTok,153,7,107,4
U_79,Instagram,394,17,23,7
U_80,LinkedIn,344,1,125,10
U_81,Instagram,454,10,112,39
U_82,Instagram,59,8,96,9
U_83,Instagram,289,19,15,33
U_84,Facebook,497,4,17,19
U_85,Twitter,450,18,142,44
U_86,Twitter,74,20,197,12
U_87,Facebook,492,17,116,45
U_88,Snapchat,156,18,3,14
U_89,Twitter,335,10,33,25
U_90,Pinterest,114,11,60,39
U_91,Snapchat,31,8,143,21
U_92,Pinterest,316,12,117,2
U_93,TikTok,189,19,111,25
U_94,Snapchat,106,20,144,42
U_95,Pinterest,227,3,53,13
U_96,Pinterest,267,17,192,35
U_97,Twitter,36,13,132,16
U_98,Snapchat,9,14,117,48
U_99,Pinterest,122,1,146,40
U_100,Instagram,479,16,61,6
U_648,Snapchat,204,5,79,23
U_649,Instagram,167,14,72,9
U_650,Twitter,142,19,121,10
U_651,Facebook,476,15,126,20
U_652,Facebook,462,4,159,47
U_653,Facebook,315,3,37,11
U_654,TikTok,161,14,85,20
U_655,Twitter,384,7,63,32
U_656,Pinterest,59,9,22,3
U_657,LinkedIn,318,3,132,22
U_658,Twitter,90,9,132,25
U_659,Instagram,52,7,156,41
U_660,TikTok,159,15,58,30
U_661,Facebook,424,9,97,12
U_662,Pinterest,405,15,147,25
U_663,LinkedIn,227,8,40,10
U_664,LinkedIn,212,17,85,6
U_665,LinkedIn,44,13,53,5
U_666,TikTok,435,20,37,34
U_667,Instagram,67,2,114,34
U_668,LinkedIn,412,10,185,43
U_669,Instagram,76,12,108,47
U_670,Twitter,192,11,44,34
U_671,LinkedIn,186,16,190,21
U_672,TikTok,299,1,120,17
U_673,Facebook,52,12,191,11
U_674,Snapchat,383,16,101,1
U_675,Facebook,486,7,192,9
U_676,LinkedIn,243,18,165,0
U_677,Pinterest,491,9,49,42
U_678,Snapchat,395,6,87,33
U_679,LinkedIn,127,18,19,24
U_680,Instagram,67,6,9,50
U_681,Pinterest,337,7,132,11
U_682,Pinterest,305,10,139,47
U_683,TikTok,383,16,160,50
U_684,Instagram,481,6,61,49
U_685,Facebook,451,16,120,43
U_686,Snapchat,160,20,182,17
U_687,TikTok,8,15,139,0
U_688,Pinterest,179,18,33,1
U_689,Instagram,139,3,55,45
U_690,Twitter,317,19,138,35
U_691,Instagram,98,19,82,48
U_692,LinkedIn,233,0,173,16
U_693,Pinterest,435,6,128,23
U_694,Twitter,453,2,78,39
U_695,LinkedIn,176,13,88,3
U_696,Pinterest,374,8,124,20
U_697,Facebook,253,2,71,32
U_698,LinkedIn,179,12,12,49
U_699,Facebook,154,15,158,37
U_700,TikTok,281,8,43,17
U_701,Snapchat,251,2,104,17
U_702,Twitter,89,3,123,48
U_703,LinkedIn,436,10,115,22
U_704,Facebook,75,2,98,6
U_705,Instagram,161,14,133,30
U_706,Pinterest,67,17,61,32
U_707,Pinterest,18,16,37,41
U_708,Twitter,442,4,78,1
U_709,Pinterest,306,19,65,9
U_710,Pinterest,401,13,38,21
U_711,Twitter,331,10,154,9
U_712,TikTok,126,0,26,36
U_713,Instagram,288,3,110,8
U_714,LinkedIn,188,10,142,1
U_715,LinkedIn,338,12,192,46
U_716,Pinterest,466,19,142,43
U_717,Instagram,26,7,179,11
U_718,Pinterest,313,4,20,22
U_719,TikTok,39,5,184,2
U_720,Snapchat,14,20,98,33
U_721,Snapchat,317,4,37,29
U_722,Instagram,213,15,25,26
U_723,LinkedIn,417,12,191,9
U_724,Facebook,222,6,132,47
U_725,Snapchat,186,8,96,1
U_726,Instagram,313,8,195,40
U_727,Snapchat,447,9,48,46
U_728,TikTok,5,4,70,45
U_729,Twitter,391,10,21,39
U_730,Instagram,242,3,111,39
U_731,Twitter,487,8,14,14
U_732,Facebook,490,12,106,17
U_733,Pinterest,27,17,139,13
U_734,TikTok,391,15,67,36
U_735,Facebook,99,3,106,22
U_736,Pinterest,386,8,111,20
U_737,Snapchat,359,17,168,10
U_738,Instagram,362,9,138,24
U_739,Facebook,368,5,100,5
U_740,Twitter,239,10,82,13
U_741,Snapchat,87,3,23,41
U_742,Twitter,13,13,134,47
U_743,TikTok,353,19,120,5
U_744,Snapchat,369,7,121,7
U_745,Instagram,105,9,99,18
U_746,TikTok,40,14,63,4
U_747,Instagram,33,5,104,36
U_748,Pinterest,372,3,155,25
U_749,Snapchat,12,7,124,9
U_750,Instagram,421,14,95,42
U_751,Facebook,130,20,33,9
U_752,Twitter,74,3,158,2
U_753,Facebook,323,7,166,31
U_754,Snapchat,388,20,121,50
U_755,Facebook,192,16,18,21
U_756,LinkedIn,218,20,174,31
U_757,Instagram,449,12,1,30
U_758,Instagram,496,3,157,9
U_759,LinkedIn,99,1,91,18
U_760,Twitter,408,15,97,30
U_761,Instagram,10,4,129,36
U_762,Facebook,154,17,2,50
U_763,Twitter,300,15,115,30
U_764,Snapchat,117,0,94,12
U_765,Snapchat,301,3,15,9
U_766,Snapchat,246,13,182,28
U_767,Instagram,68,10,135,35
U_768,Snapchat,393,16,1,35
U_769,Instagram,331,15,107,15
U_770,Facebook,176,10,56,6
U_771,Instagram,457,7,73,15
U_772,Twitter,81,14,199,16
U_773,Facebook,332,7,81,17
U_774,Twitter,385,9,10,25
U_775,TikTok,337,16,48,42
U_776,LinkedIn,328,15,89,29
U_777,Twitter,101,6,132,10
U_778,Facebook,176,6,121,2
U_779,LinkedIn,468,12,53,47
U_780,LinkedIn,388,9,61,20
U_781,Twitter,451,20,67,7
U_782,Twitter,6,16,151,22
U_783,LinkedIn,374,20,36,26
U_784,Pinterest,84,19,28,31
U_785,Facebook,129,6,144,9
U_786,TikTok,192,4,160,44
U_787,Twitter,282,18,165,35
U_788,Pinterest,400,19,195,22
U_789,LinkedIn,67,10,162,36
U_790,LinkedIn,183,16,50,8
U_791,Facebook,413,2,30,40
U_792,LinkedIn,303,2,120,9
U_793,LinkedIn,94,0,16,19
U_794,Pinterest,492,3,184,50
U_795,Snapchat,442,7,118,32
U_796,Pinterest,83,9,104,15
U_797,Twitter,279,18,175,7
U_798,LinkedIn,84,16,144,33
U_799,LinkedIn,285,5,114,38
U_800,LinkedIn,254,14,140,8
U_801,TikTok,193,14,168,19
U_802,TikTok,354,16,11,0
U_803,Snapchat,449,20,51,45
U_804,Twitter,63,5,181,15
U_805,LinkedIn,314,13,118,37
U_806,Instagram,475,5,63,10
U_807,TikTok,435,3,15,5
U_808,LinkedIn,220,3,106,50
U_809,Pinterest,273,1,145,19
U_810,Instagram,204,20,36,3
U_811,Pinterest,157,18,112,23
U_812,TikTok,101,12,163,10
U_813,TikTok,292,1,17,26
U_814,TikTok,317,14,102,2
U_815,Instagram,47,11,87,37
U_816,Facebook,330,19,138,45
U_817,Twitter,311,17,9,46
U_818,Instagram,196,16,92,25
U_819,TikTok,56,7,61,24
U_820,Instagram,405,18,117,29
U_821,Instagram,91,20,95,45
U_822,Twitter,331,11,75,17
U_823,Pinterest,101,14,76,34
U_824,TikTok,238,11,158,6
U_825,LinkedIn,99,12,85,18
U_826,Snapchat,169,20,17,50
U_827,Instagram,266,4,100,43
U_828,Instagram,398,3,12,7
U_829,Twitter,491,8,34,10
U_830,Snapchat,304,20,1,4
U_831,Twitter,431,7,41,46
U_832,Instagram,109,8,89,4
U_833,Twitter,127,17,50,9
U_834,LinkedIn,426,5,21,2
U_835,Pinterest,257,18,30,18
U_836,LinkedIn,43,12,86,38
U_837,Twitter,226,17,76,5
U_838,Snapchat,363,11,3,50
U_839,LinkedIn,33,18,178,2
U_840,Twitter,45,8,69,7
U_841,Twitter,336,17,123,22
U_842,TikTok,405,14,151,20
U_843,Twitter,371,6,11,3
U_844,Pinterest,414,8,23,7
U_845,TikTok,498,12,6,11
U_846,TikTok,201,0,123,19
U_847,Instagram,339,19,43,4
U_848,Snapchat,125,7,128,20
U_849,Facebook,457,2,131,32
U_850,Facebook,171,19,66,5
U_851,Twitter,339,14,160,27
U_852,LinkedIn,130,10,22,46
U_853,Twitter,142,11,163,37
U_854,Twitter,32,12,7,18
U_855,Facebook,474,1,82,35
U_856,Twitter,104,5,46,4
U_857,Pinterest,426,2,34,38
U_858,Facebook,56,15,154,32
U_859,Facebook,300,7,78,44
U_860,Snapchat,423,14,116,44
U_861,Pinterest,53,14,191,25
U_862,TikTok,483,3,159,26
U_863,Pinterest,246,17,98,35
U_864,Twitter,48,13,6,20
U_865,TikTok,325,3,84,22
U_866,Pinterest,483,16,27,10
U_867,Twitter,366,0,13,26
U_868,Pinterest,40,2,69,5
U_869,Pinterest,47,13,97,9
U_870,LinkedIn,115,10,97,49
U_871,Instagram,265,10,28,0
U_872,Instagram,6,9,66,30
U_873,LinkedIn,197,0,133,42
U_874,Snapchat,97,4,14,28
U_875,TikTok,263,11,193,20
U_876,Snapchat,285,9,195,13
U_877,Snapchat,148,17,169,49
U_878,TikTok,445,7,150,37
U_879,Twitter,238,5,4,15
U_880,TikTok,123,18,75,45
U_881,Snapchat,261,4,15,16
U_882,Instagram,389,8,171,4
U_883,TikTok,232,10,199,23
U_884,TikTok,167,2,27,41
U_885,TikTok,11,9,44,39
U_886,Snapchat,315,13,128,9
U_887,Snapchat,447,14,172,21
U_888,Instagram,423,13,92,45
U_889,Snapchat,399,11,50,35
U_890,LinkedIn,442,6,179,6
U_891,Instagram,417,10,87,20
U_892,Facebook,80,8,85,34
U_893,TikTok,39,15,173,37
U_894,Instagram,111,17,161,12
U_895,Pinterest,468,8,17,9
U_896,TikTok,76,10,10,4
U_897,Twitter,241,8,74,46
U_898,Pinterest,103,13,132,29
U_899,Snapchat,305,16,19,13
U_900,Snapchat,357,10,195,3
U_901,Instagram,457,8,189,42
U_902,TikTok,51,3,102,5
U_903,TikTok,157,4,8,22
U_904,Twitter,405,20,10,0
U_905,TikTok,61,14,52,23
U_906,Snapchat,433,3,88,49
U_907,Snapchat,101,2,157,19
U_908,TikTok,26,7,50,23
U_909,Snapchat,447,7,57,33
U_910,LinkedIn,12,12,6,42
U_911,Pinterest,223,12,26,20
U_912,Twitter,58,13,111,36
U_913,Instagram,107,16,184,39
U_914,Snapchat,448,9,41,27
U_915,Snapchat,465,14,123,1
U_916,TikTok,61,1,163,39
U_917,Facebook,76,5,185,16
U_918,Twitter,207,16,199,7
U_919,Snapchat,408,16,150,30
U_920,Instagram,175,4,78,34
U_921,Facebook,159,14,181,12
U_922,TikTok,61,19,130,45
U_923,TikTok,311,5,184,15
U_924,Twitter,292,16,116,10
U_925,Twitter,201,8,189,49
U_926,Facebook,153,0,182,20
U_927,Pinterest,89,19,164,2
U_928,Instagram,412,7,13,47
U_929,Snapchat,312,1,57,22
U_930,Facebook,88,1,181,5
U_931,Facebook,272,11,93,43
U_932,Facebook,128,11,194,5
U_933,Instagram,453,16,169,2
U_934,TikTok,481,5,181,41
U_935,TikTok,357,11,157,46
U_936,Twitter,149,16,65,5
U_937,Snapchat,141,5,94,42
U_938,Facebook,8,11,151,47
U_939,Snapchat,376,18,8,46
U_940,Pinterest,351,5,70,4
U_941,Snapchat,231,20,196,29
U_942,Pinterest,40,6,139,32
U_943,Snapchat,242,19,9,46
U_944,Twitter,404,20,41,5
U_945,LinkedIn,347,9,3,34
U_946,Facebook,87,6,28,42
U_947,Facebook,96,8,40,32
U_948,Twitter,431,13,64,6
U_949,Instagram,109,9,96,9
U_950,Instagram,406,19,99,37
U_951,Snapchat,408,3,16,32
U_952,Instagram,81,2,76,24
U_953,Snapchat,303,19,113,34
U_954,Facebook,37,6,56,44
U_955,Snapchat,105,14,6,5
U_956,Instagram,473,14,23,31
U_957,Twitter,181,3,112,43
U_958,Pinterest,120,3,10,17
U_959,Pinterest,47,2,70,29
U_960,TikTok,493,2,174,24
U_961,TikTok,89,19,105,48
U_962,LinkedIn,341,19,96,39
U_963,TikTok,186,20,66,15
U_964,Facebook,475,20,79,50
U_965,LinkedIn,71,16,47,48
U_966,Twitter,444,10,44,40
U_967,LinkedIn,395,14,117,48
U_968,TikTok,28,8,130,8
U_969,Snapchat,451,3,39,34
U_970,Facebook,87,19,118,5
U_971,Snapchat,376,12,93,50
U_972,Twitter,267,5,160,34
U_973,Instagram,293,0,167,40
U_974,TikTok,320,2,39,17
U_975,Facebook,241,1,60,4
U_976,Instagram,423,16,74,30
U_977,Pinterest,97,5,91,36
U_978,LinkedIn,495,16,82,15
U_979,Twitter,135,15,146,14
U_980,Facebook,348,0,145,34
U_981,Instagram,311,14,102,43
U_982,Snapchat,135,15,28,42
U_983,LinkedIn,420,17,31,23
U_984,Facebook,485,2,187,0
U_985,Twitter,143,16,17,16
U_986,Facebook,231,0,19,8
U_987,Instagram,495,12,136,43
U_988,Pinterest,404,8,41,50
U_989,Twitter,166,14,86,42
U_990,TikTok,395,9,1,17
U_991,Snapchat,93,5,107,1
U_992,Pinterest,368,3,40,40
U_993,LinkedIn,72,17,110,24
U_994,LinkedIn,144,6,89,30
U_995,Twitter,464,2,149,43
U_996,LinkedIn,479,4,72,15
U_997,Instagram,499,14,110,49
U_998,Facebook,318,6,105,9
U_999,TikTok,305,15,151,6
U_1000,Pinterest,115,17,81,39